{"Run description": "r", "_timestamp": 1681745692.969014, "_runtime": 3.890712022781372, "_step": 0, "_wandb": {"runtime": 3}}