{"Run description": "test", "_timestamp": 1681724229.3196678, "_runtime": 49.90533471107483, "_step": 0, "_wandb": {"runtime": 26}}