{"Length dataset": 8000, "_timestamp": 1679380808.215908, "_runtime": 5.08631706237793, "_step": 1252, "Normalization value": 10000, "Threshold label": 0.05}