{"Run description": "tes", "_timestamp": 1682881810.8963628, "_runtime": 4.0949296951293945, "_step": 0, "_wandb": {"runtime": 7}}