{"Run description": "test", "_timestamp": 1681721450.524833, "_runtime": 15.03787899017334, "_step": 0, "_wandb": {"runtime": 7}}