{"Run description": "test", "_timestamp": 1681722024.399459, "_runtime": 2.374664783477783, "_step": 0, "_wandb": {"runtime": 1}}