{"Step loss": 0.016457194462418556, "_timestamp": 1678705548.3816283, "_runtime": 1247.981291294098, "_step": 4079, "Learning rate": 0.000999999960411921, "Epoch loss": 0.013199876993894577, "Epoch val accuracy": 0.9140339493751526, "Epoch val f1 score": 0.5781803131103516, "_wandb": {"runtime": 1247}}