{"Step loss": 0.25492754578590393, "_timestamp": 1680463987.4100015, "_runtime": 1711.9146814346313, "_step": 28, "_wandb": {"runtime": 1733}}