{"Step loss": 0.3174480199813843, "_timestamp": 1678457006.990176, "_runtime": 533.078145980835, "_step": 5036, "_wandb": {"runtime": 530}}