{"Notes": "Modalities: ['sentinel_2'] with data set train size: 6400", "_timestamp": 1682001588.311452, "_runtime": 0.917043924331665, "_step": 1}