{"Step loss": 0.36316028237342834, "_timestamp": 1678459224.9074905, "_runtime": 47.673110485076904, "_step": 425, "_wandb": {"runtime": 45}}