{"Step loss": 0.3146882653236389, "_timestamp": 1678457488.3000057, "_runtime": 23.688475608825684, "_step": 117, "_wandb": {"runtime": 22}}