{"Run description": "r", "_timestamp": 1681745610.1819909, "_runtime": 3.259948968887329, "_step": 0, "_wandb": {"runtime": 2}}