{"Length dataset": 8000, "_timestamp": 1679310254.337027, "_runtime": 0.702613115310669, "_step": 0, "_wandb": {"runtime": 0}}