{"loss": 0.836426854133606, "_timestamp": 1678119405.5985248, "_runtime": 7.087102890014648, "_step": 3}