{"Run description": "test", "_timestamp": 1681722315.6744173, "_runtime": 3.09452223777771, "_step": 0, "_wandb": {"runtime": 2}}