{"Run description": "test", "_timestamp": 1683528197.102676, "_runtime": 4.751523017883301, "_step": 0, "_wandb": {"runtime": 4}}