{"epoch train loss": 4.235195159912109, "_timestamp": 1678357302.3651714, "_runtime": 464.3484444618225, "_step": 35, "val train loss": 0, "epoch train acc": 0, "val train acc": 0, "_wandb": {"runtime": 468}}