{"Length dataset": 8000, "_timestamp": 1679380935.124137, "_runtime": 0.9210808277130127, "_step": 2, "Normalization value": 10000, "Threshold label": 0.05, "_wandb": {"runtime": 0}}