{"Notes": "Modalities: ['sentinel_2'] with data set train size: 6400", "_timestamp": 1681988006.6224551, "_runtime": 0.7901220321655273, "_step": 1}