{"Run description": "test", "_timestamp": 1681733782.0316827, "_runtime": 2.7300448417663574, "_step": 0, "_wandb": {"runtime": 1}}