{"epoch train loss": 3.9617879390716553, "_timestamp": 1678356368.9809933, "_runtime": 336.8961682319641, "_step": 27, "val train loss": 0, "epoch train acc": 0, "val train acc": 0, "_wandb": {"runtime": 368}}