{"Step loss": 0.13930565118789673, "_timestamp": 1680502074.0121017, "_runtime": 37709.500812768936, "_step": 1984, "Learning-rate": 0.000999999992981615, "Epoch train loss": 0.1671537458896637, "Epoch train accuracy": 0.9244746565818787, "Epoch train accuracy per class": [0.7567187547683716, 0.9384375214576721, 0.7626562714576721, 0.8623437285423279, 0.9609375, 0.9887499809265137, 1.0, 0.9320312738418579, 0.9678124785423279, 1.0, 0.9995312690734863], "Epoch val accuracy": 0.9272727370262146, "Epoch val accuracy per class": [0.9309090375900269, 0.9309089183807373, 0.9345454573631287, 0.9018180966377258, 0.9345454573631287, 0.9236363768577576, 0.9345453381538391, 0.9200000166893005, 0.9345454573631287, 0.9490908980369568, 0.8981818556785583, 0.9018180966377258, 0.916363537311554, 0.9200000166893005, 0.9490908980369568, 0.927272617816925, 0.9090907573699951, 0.9200000166893005, 0.9599999189376831, 0.9636362195014954, 0.9054544568061829, 0.9127271771430969, 0.927272617816925, 0.927272617816925, 0.9490908980369568, 0.9345455169677734, 0.9381817579269409, 0.9163635969161987, 0.9272727370262146, 0.919999897480011, 0.9418180584907532, 0.9127271771430969], "_wandb": {"runtime": 37693}}