{"Run description": "test", "_timestamp": 1682881756.5583751, "_runtime": 5.628350019454956, "_step": 0, "_wandb": {"runtime": 5}}