{"Step loss": 0.24092022246187836, "_timestamp": 1682944935.5890813, "_runtime": 292.05677938461304, "_step": 232, "_wandb": {"runtime": 291}}