{"Run description": "test", "_timestamp": 1682882340.8656578, "_runtime": 4.260398864746094, "_step": 0, "_wandb": {"runtime": 7}}