{"loss": 2.1292765140533447, "_timestamp": 1678382171.1150813, "_runtime": 22.886038303375244, "_step": 240, "_wandb": {"runtime": 22}}