{"Step loss": 0.013807560317218304, "_timestamp": 1678707687.8422375, "_runtime": 1244.296415567398, "_step": 4079, "Learning rate": 0.0009999443302957445, "Epoch loss": 0.013154036365449429, "Epoch val accuracy": 0.9133522510528564, "Epoch val f1 score": 0.5757894515991211, "_wandb": {"runtime": 1243}}