{"Length dataset": 8000, "_timestamp": 1679380765.318701, "_runtime": 0.9609339237213135, "_step": 2, "Normalization value": 10000, "Threshold label": 0.05, "_wandb": {"runtime": 0}}