{"Step loss": 0.35871822709909845, "_timestamp": 1683531963.348705, "_runtime": 30.07062602043152, "_step": 27}