{"Length dataset": 8000, "_timestamp": 1679381059.080715, "_runtime": 1.0383899211883545, "_step": 2, "Normalization value": 10000, "Threshold label": 0.05, "_wandb": {"runtime": 0}}