{"Notes": "Modalities: ['sentinel_2'] with data set train size: 6400", "_timestamp": 1681987678.6321049, "_runtime": 0.8199009895324707, "_step": 1}