{"Step loss": 0.16323097050189972, "_timestamp": 1678739379.6218119, "_runtime": 45.15505886077881, "_step": 87, "_wandb": {"runtime": 44}}