{"Step loss": 0.3132135570049286, "_timestamp": 1678457431.1083477, "_runtime": 72.59765362739563, "_step": 679, "_wandb": {"runtime": 71}}