{"Length dataset": 8000, "_timestamp": 1679321100.538959, "_runtime": 0.691641092300415, "_step": 2, "Normalization value": 10000, "Threshold label": 0.05, "_wandb": {"runtime": 0}}