{"Step loss": 0.29582454549726706, "_timestamp": 1683528430.5497541, "_runtime": 130.8830292224884, "_step": 202}