{"Notes": "Modalities: ['sentinel_2'] with data set train size: 6400", "_timestamp": 1681987433.905039, "_runtime": 0.8467249870300293, "_step": 1}