{"Run description": "tset", "_timestamp": 1681722558.3881493, "_runtime": 3.388749361038208, "_step": 0, "_wandb": {"runtime": 2}}