{"Length dataset": 8000, "_timestamp": 1679048812.417496, "_runtime": 8.15989089012146, "_step": 87, "Step loss": 0.4080839157104492}