{"Notes": "Modalities: ['sentinel_2', 'esa_worldcover'] with data set train size: 6400", "_timestamp": 1681984209.687358, "_runtime": 0.8267278671264648, "_step": 1}