{"Learning-rate": 0.0009755282581475768, "_timestamp": 1682097003.971293, "_runtime": 308.3413429260254, "_step": 481}