{"Run description": "r", "_timestamp": 1681745646.4703948, "_runtime": 6.25044584274292, "_step": 0, "_wandb": {"runtime": 5}}