{"Run description": "test", "_timestamp": 1682881456.6547573, "_runtime": 5.758658170700073, "_step": 0, "_wandb": {"runtime": 4}}