{"Step loss": 0.2939827044475268, "_timestamp": 1682092762.191691, "_runtime": 134.79958701133728, "_step": 226, "Accuracy class training 0": 0.7426562309265137, "Accuracy class training 1": 0.8587499856948853, "Accuracy class training 2": 0.7171875238418579, "Accuracy class training 3": 0.6524999737739563, "Accuracy class training 4": 0.8656250238418579, "Accuracy class training 5": 0.9568750262260437, "Accuracy class training 6": 0.9950000047683716, "Accuracy class training 7": 0.7779687643051147, "Accuracy class training 8": 0.9092187285423279, "Accuracy class training 9": 0.9978125095367432, "Accuracy class training 10": 0.9939062595367432, "F1 class training 0": 0.8494030833244324, "F1 class training 1": 0.0005882352706976235, "F1 class training 2": 0.8205151557922363, "F1 class training 3": 0.19064508378505707, "F1 class training 4": 0.0070588234812021255, "F1 class training 5": 0.0, "F1 class training 6": 0.0, "F1 class training 7": 0.2160850316286087, "F1 class training 8": 0.014833333902060986, "F1 class training 9": 0.0, "F1 class training 10": 0.0, "Epoch train loss": 0.3308149731300243, "Epoch train accuracy": 0.8606817126274109, "Epoch train precision": 0.7190000414848328, "Epoch train recall": 0.6153063178062439, "Epoch train f1 score": 0.6615005731582642, "_wandb": {"runtime": 134}}