{"Run description": "test", "_timestamp": 1681715145.4117324, "_runtime": 2.4173214435577393, "_step": 0, "_wandb": {"runtime": 2}}