{"Notes": "Modalities: ['sentinel_2'] with data set train size: 6400", "_timestamp": 1681999655.562081, "_runtime": 57.0281879901886, "_step": 1}