{"Accuracy class training 2": 0.8391231298446655, "_timestamp": 1682943393.4296892, "_runtime": 428.11594319343567, "_step": 14776}