{"Step loss": 0.20624768733978271, "_timestamp": 1678457312.7087355, "_runtime": 100.28907656669617, "_step": 885, "_wandb": {"runtime": 99}}