{"Step loss": 0.1865060180425644, "_timestamp": 1678461937.3756318, "_runtime": 30.117607831954956, "_step": 94}