{"Step loss": 0.30195921428577643, "_timestamp": 1682329253.974913, "_runtime": 335.840185880661, "_step": 131, "_wandb": {"runtime": 337}}