{"Run description": "r", "_timestamp": 1681745718.1872551, "_runtime": 1.9267382621765137, "_step": 0, "_wandb": {"runtime": 1}}