{"Notes": "Modalities: ['sentinel_2'] with data set train size: 6400", "_timestamp": 1681990840.979201, "_runtime": 0.8258020877838135, "_step": 1}