{"Step loss": 0.2849467992782593, "_timestamp": 1680462122.5216408, "_runtime": 928.2041428089142, "_step": 14, "_wandb": {"runtime": 935}}