{"Notes": "Modalities: ['sentinel_2'] with data set train size: 6400", "_timestamp": 1682004328.4918988, "_runtime": 1.1088817119598389, "_step": 1}