{"Step loss": 1.208066701889038, "_timestamp": 1682330376.1811578, "_runtime": 634.4666047096252, "_step": 39, "_wandb": {"runtime": 647}}