{"Run description": "test", "_timestamp": 1681733859.978937, "_runtime": 2.304560899734497, "_step": 0, "_wandb": {"runtime": 1}}