{"Run description": "r", "_timestamp": 1681745812.874594, "_runtime": 5.009468078613281, "_step": 0, "_wandb": {"runtime": 0}}