{"Config reference: ": "sentinel_1_sentinel_2_altitude", "_timestamp": 1681236369.2239213, "_runtime": 2.143716335296631, "_step": 1, "Dataset size": 93171, "_wandb": {"runtime": 3}}