{"Step loss": 0.7296245098114014, "_timestamp": 1680464284.4827075, "_runtime": 57.44108748435974, "_step": 0, "_wandb": {"runtime": 61}}