{"Length dataset": 8000, "_timestamp": 1679380906.313812, "_runtime": 1.0194580554962158, "_step": 2, "Normalization value": 10000, "Threshold label": 0.05, "_wandb": {"runtime": 0}}