{"Step loss": 0.19414402332299377, "_timestamp": 1682328738.678074, "_runtime": 433.11007285118103, "_step": 522, "_wandb": {"runtime": 432}}