{"Length dataset": 8000, "_timestamp": 1679380371.937154, "_runtime": 0.9284520149230957, "_step": 2, "Normalization value": 10000, "Threshold label": 0.05, "_wandb": {"runtime": 0}}