{"Run description": "test", "_timestamp": 1681714956.2830522, "_runtime": 15.674540281295776, "_step": 0, "_wandb": {"runtime": 16}}