{"Step loss": 0.4801326600701776, "_timestamp": 1682329660.2836926, "_runtime": 21.069494485855103, "_step": 3, "_wandb": {"runtime": 27}}