{"epoch train loss": 1.7768467664718628, "_timestamp": 1678362330.4289162, "_runtime": 1200.5048122406006, "_step": 79, "val train loss": 0, "epoch train acc": 0, "val train acc": 0, "_wandb": {"runtime": 1199}}