{"Run description": "r", "_timestamp": 1681745776.2516532, "_runtime": 2.138153076171875, "_step": 0, "_wandb": {"runtime": 1}}