{"Run description": "test", "_timestamp": 1681722238.2619889, "_runtime": 2.37357497215271, "_step": 0, "_wandb": {"runtime": 1}}