{"Notes": "Modalities: ['sentinel_2'] with data set train size: 6400", "_timestamp": 1681991421.6820679, "_runtime": 0.7788329124450684, "_step": 1}