{"epoch train loss": 5.515043258666992, "_timestamp": 1678360834.6005058, "_runtime": 227.52081680297852, "_step": 3, "val train loss": 0, "epoch train acc": 0, "val train acc": 0, "_wandb": {"runtime": 489}}