{"Notes": "Modalities: ['sentinel_2'] with data set train size: 6400", "_timestamp": 1681991626.284231, "_runtime": 0.9539968967437744, "_step": 1}