{"Step loss": 0.02414078824222088, "_timestamp": 1682434670.9784088, "_runtime": 376.54279589653015, "_step": 143, "_wandb": {"runtime": 385}}