{"Step loss": 0.2939827044475268, "_timestamp": 1682092086.155326, "_runtime": 118.75274777412415, "_step": 199, "_wandb": {"runtime": 138}}