{"Notes": "Modalities: ['sentinel_2'] with data set train size: 6400", "_timestamp": 1681994158.944947, "_runtime": 0.893031120300293, "_step": 1}