{"epoch train loss": 5.875810623168945, "_timestamp": 1678357471.3752978, "_runtime": 95.33757877349854, "_step": 7, "val train loss": 0, "epoch train acc": 0, "val train acc": 0, "_wandb": {"runtime": 102}}