{"Step loss": 0.1326688826084137, "_timestamp": 1682367803.9998887, "_runtime": 5.282060623168945, "_step": 0, "_wandb": {"runtime": 6}}