{"Step loss": 0.5343962907791138, "_timestamp": 1680457417.3101358, "_runtime": 153.12167191505432, "_step": 1, "_wandb": {"runtime": 168}}