{"Run description": "t", "_timestamp": 1681722748.4654346, "_runtime": 2.296295642852783, "_step": 0, "_wandb": {"runtime": 1}}