{"Step loss": 0.2939827044475268, "_timestamp": 1682092326.095222, "_runtime": 118.6900360584259, "_step": 199, "_wandb": {"runtime": 138}}