{"Length dataset": 8000, "_timestamp": 1679380517.4403431, "_runtime": 0.861295223236084, "_step": 2, "Normalization value": 10000, "Threshold label": 0.05, "_wandb": {"runtime": 0}}