{"Length dataset": 8000, "_timestamp": 1679310202.5736651, "_runtime": 1.4356040954589844, "_step": 2, "Normalization value": 10000, "Threshold label": 0.05, "_wandb": {"runtime": 0}}