{"loss": 1.153562068939209, "_timestamp": 1678118222.8933928, "_runtime": 29.758638858795166, "_step": 15}