{"Step loss": 0.23427538573741913, "_timestamp": 1678458250.3147798, "_runtime": 696.0090658664703, "_step": 6399, "_wandb": {"runtime": 694}}