{"Notes": "Modalities: ['sentinel_2'] with data set train size: 6400", "_timestamp": 1681992152.192682, "_runtime": 0.7700741291046143, "_step": 1}