{"Step loss": 0.03146300092339516, "_timestamp": 1682434263.0775387, "_runtime": 374.4397027492523, "_step": 73, "_wandb": {"runtime": 382}}