{"Run description": "test", "_timestamp": 1681721482.1353621, "_runtime": 2.4252941608428955, "_step": 0, "_wandb": {"runtime": 1}}