{"Length dataset": 8000, "_timestamp": 1679310174.398592, "_runtime": 0.7224330902099609, "_step": 2, "Normalization value": 10000, "Threshold label": 0.05, "_wandb": {"runtime": 0}}