{"Notes": "Modalities: ['sentinel_2'] with data set train size: 6400", "_timestamp": 1681994069.882316, "_runtime": 1.0059590339660645, "_step": 1}