{"Run description": "test", "_timestamp": 1681734120.4197705, "_runtime": 4.218048572540283, "_step": 0, "_wandb": {"runtime": 2}}