{"loss": 0.6628435850143433, "_timestamp": 1678444850.5088446, "_runtime": 12756.768394708633, "_step": 152197, "Epoch loss": 0.26241281628608704, "Epoch accuracy": 0.8845397233963013, "Epoch f1 score": 0.12981298565864563, "Epoch val accuracy": 0.00011056746734539047, "Epoch val f1 score": 1.6226624211412854e-05, "_wandb": {"runtime": 12756}}