{"Run description": "test", "_timestamp": 1681715049.9388707, "_runtime": 4.857146739959717, "_step": 0, "_wandb": {"runtime": 4}}