{"Run description": "test", "_timestamp": 1681734021.8931844, "_runtime": 2.9159865379333496, "_step": 0, "_wandb": {"runtime": 1}}