{"Run description": "test", "_timestamp": 1681734179.633872, "_runtime": 3.5678060054779053, "_step": 0, "_wandb": {"runtime": 2}}