{"Step loss": 0.22129671275615692, "_timestamp": 1678738967.222907, "_runtime": 39.275299072265625, "_step": 63, "_wandb": {"runtime": 38}}