{"Run description": "test", "_timestamp": 1681721562.1439376, "_runtime": 3.2934746742248535, "_step": 0, "_wandb": {"runtime": 2}}