{"Dataset size": 6400, "_timestamp": 1681476254.2984378, "_runtime": 0.7520027160644531, "_step": 1, "Dataset modalities": "['sentinel_1', 'sentinel_2']", "_wandb": {"runtime": 4}}