{"Run description": "test", "_timestamp": 1681721635.2707705, "_runtime": 2.336432456970215, "_step": 0, "_wandb": {"runtime": 1}}